"Date","Campaign Name","Campaign Id","Ad Group Name","Ad Group Id","Item Id","Item Name","Bid","Average CPC","Impressions","Clicks","CTR","Ad Spend","Conversion Rate (Units Sold Based)","Orders","Conversion Rate (Orders Based)","Total Attributed Sales","Advertised SKU Sales","Other SKU Sales","Units Sold","Advertised SKU Units (#)","Other SKU Units (#)","Total Attributed Sales (Shipping)","Total Attributed Sales (Curbside pickup and delivery)","Advertised SKU Click Sales (Shipping)","Advertised SKU Click Sales (Curbside pickup and delivery)","Other SKU Click Sales (Shipping)","Other SKU Click Sales (Curbside pickup and delivery)","RoAS"
"2023-10-04","Liquid_Health-H10_KW-A1","2445284","Liquid_Health-H10_Throat_Spray-A1","2258243","1732696066","LIQUIDHEALTH Clear Voice Natural Vocal Throat Spray, Honey Lemon 1 fl Oz 2-Pack","0.57","0.91","4449","2","0","1.82","0","0","0","0","0","0","0","0","0","0","0","0","0","0","0","0"
"2023-10-04","Liquid_Health-H10_KW-A1","2445284","Liquid_Health-K9_Glucosamine-H10-A1","2258248","49252922","LIQUIDHEALTH Glucosamine Cat Joint Supplement for Hip Pain & Joint Pain Relief, 2.3 Oz","0.64","1.28","5338","12","0.002","15.36","0.083","1","0.083","21.95","21.95","0","1","1","0","21.95","0","21.95","0","0","0","1.429"
"2023-10-04","Liquid_Health-H10_KW-A1","2445284","Liquid_Health-Multivitamins-H10-A1","2258255","2827937370","LIQUIDHEALTH Liquid Prenatal Vitamins for Women Vegan Folate Supplement, 32 Fl. Oz 2-Pack","0.2","0","98","0","0","0","0","0","0","0","0","0","0","0","0","0","0","0","0","0","0","0"
"2023-10-04","Liquid_Health-H10_KW-A1","2445284","Liquid_Health-Supplements-H10-A1","2258252","1910869689","LIQUIDHEALTH Nascent Iodine Drops Thyroid Support & Immune Support Supplement, 2 fl Oz","0.34","0.81","390","1","0.003","0.81","0","0","0","0","0","0","0","0","0","0","0","0","0","0","0","0"
"2023-10-04","Liquid_Health-H10_KW-A1","2445284","Liquid_Health-Supplements-H10-A1","2258252","2192047857","LIQUIDHEALTH Organic Vitamin B12 Drops for Energy & Metabolism Boost, 2 fl Oz 2-Pack","0.52","0.882","2538","19","0.007","16.76","0.053","1","0.053","14.95","14.95","0","1","1","0","14.95","0","14.95","0","0","0","0.892"
"2023-10-04","Liquid_Health-H10_KW-A1","2445284","Liquid_Health-Supplements-H10-A1","2258252","2251811007","LIQUIDHEALTH Optimum Joint Support Supplement with Glucosamine & Chondroitin, 32 fl Oz 2-Pack","0.34","0","1087","0","0","0","0","0","0","0","0","0","0","0","0","0","0","0","0","0","0","0"
"2023-10-04","Liquid_Health-H10_KW-M1","2445285","Liquid_Health-Glucosamine-Amzn_KW-M1","2312553","2251811007","LIQUIDHEALTH Optimum Joint Support Supplement with Glucosamine & Chondroitin, 32 fl Oz 2-Pack","N/A","0","1","0","0","0","0","0","0","0","0","0","0","0","0","0","0","0","0","0","0","0"
"2023-10-04","Liquid_Health-H10_KW-M1","2445285","Liquid_Health-K9_Care-H10-M1","2258263","1161038388","LIQUIDHEALTH K9 Dog Ear Cleaner Solution Ear Cleaning Drops with Boric Acid, 12 fl Oz 2-Pack","N/A","0","2","0","0","0","0","0","0","0","0","0","0","0","0","0","0","0","0","0","0","0"
"2023-10-04","Liquid_Health-H10_KW-M1","2445285","Liquid_Health-K9_Care-H10-M1","2258263","2724542663","LIQUIDHEALTH K9 Complete 8-in-1 Multivitamin for Dogs Immune Support & Wellness, 32 Fl. Oz 2-Pack","N/A","0","3","0","0","0","0","0","0","0","0","0","0","0","0","0","0","0","0","0","0","0"
"2023-10-04","Liquid_Health-H10_KW-M1","2445285","Liquid_Health-K9_Glucosamine-H10-M1","2258259","1519381169","LIQUIDHEALTH K9 Joint Juice Liquid Glucosamine for Dogs, Puppies and Senior Canines, 32 Oz. 2-Pack","N/A","0","8","0","0","0","0","0","0","0","0","0","0","0","0","0","0","0","0","0","0","0"
"2023-10-04","Liquid health_Priority Skus","2579930","Priority_skus","2478893","2656397343","LIQUIDHEALTH Vitamin D3 5000 IU Liquid Supplement for Bone Health, Immune Support, 1 fl Oz 2-Pack","1.09","1.578","3650","5","0.001","7.89","0.2","1","0.2","24.95","24.95","0","1","1","0","24.95","0","24.95","0","0","0","3.162"
"2023-10-04","Liquid health_Priority Skus","2579930","Priority_skus","2478893","3459398659","LIQUIDHEALTH Omega 3 Fish Oil Cat Supplements & Vitamins with EPA, DPA & DHA, 8 Oz","0.2","0","374","0","0","0","0","0","0","0","0","0","0","0","0","0","0","0","0","0","0","0"
"2023-10-04","Liquid_Health-H10_KW-A1","2445284","Liquid_Health-K9_Care-H10-A1","2258251","49252884","LIQUIDHEALTH K9 Dog Ear Cleaner Solution Ear Cleaning Drops with Boric Acid, 12 fl Oz","0.39","0.22","1636","1","0.001","0.22","0","0","0","0","0","0","0","0","0","0","0","0","0","0","0","0"
"2023-10-04","Liquid_Health-H10_KW-A1","2445284","Liquid_Health-Multivitamins-H10-A1","2258255","2007006016","LIQUIDHEALTH Colloidal Silver Liquid 10PPM Itch Relief Drop Shot Supplement, 2 Fl. Oz. 2-Pack","0.2","0","335","0","0","0","0","0","0","0","0","0","0","0","0","0","0","0","0","0","0","0"
"2023-10-04","Liquid_Health-H10_KW-A1","2445284","Liquid_Health-Supplements-H10-A1","2258252","2868148612","LIQUIDHEALTH Organic Elderberry Drops Immune Support Supplement Liquid Vitamins, 2 fl Oz","0.49","0","889","0","0","0","0","0","0","0","0","0","0","0","0","0","0","0","0","0","0","0"
"2023-10-04","Liquid_Health-H10_KW-A1","2445284","Liquid_Health-Supplements-H10-A1","2258252","28931867","LIQUIDHEALTH Optimum Joint Support Supplement with Glucosamine & Chondroitin, 32 fl Oz","0.34","0","3","0","0","0","0","0","0","0","0","0","0","0","0","0","0","0","0","0","0","0"
"2023-10-04","Liquid_Health-H10_KW-M1","2445285","Liquid_Health-H10_Throat_Spray-M1","2258244","24191928","LIQUIDHEALTH Clear Voice Natural Vocal Throat Spray, Honey Lemon 1 fl Oz","N/A","0","700","0","0","0","0","0","0","0","0","0","0","0","0","0","0","0","0","0","0","0"
"2023-10-04","Liquid_Health-H10_KW-M1","2445285","Liquid_Health-H10_Throat_Spray-M1","2258244","2712651000","Clear Voice 3 Pack Clarity Soothing Spray Dampener Moisturizer Relief - Oral Throat Spray Medicine - Mint, Strawberry Lemonade, Honey Lemon Flavor 1 Fl Oz","N/A","0","38","0","0","0","0","0","0","0","0","0","0","0","0","0","0","0","0","0","0","0"
"2023-10-04","Liquid_Health-H10_KW-M1","2445285","Liquid_Health-K9_Glucosamine-H10-M1","2258259","1323954242","LIQUIDHEALTH K9 Glucosamine for Dogs Level 5000 Joint Health Liquid Vitamin, 8 Fl. Oz 2-Pack","N/A","0","22","0","0","0","0","0","0","0","0","0","0","0","0","0","0","0","0","0","0","0"
"2023-10-04","Liquid_Health-H10_KW-M1","2445285","Liquid_Health-Multivitamins-Amzn_KW-M1","2312558","2934362906","LIQUIDHEALTH Liquid Vitamins for Men Vegan Multivitamins Men’s Multivitamin, 16 fl Oz","N/A","0","19","0","0","0","0","0","0","0","0","0","0","0","0","0","0","0","0","0","0","0"
"2023-10-04","Liquid_Health-Chlorophyll-M1","2577749","Liquid_Health-Chlorophyll-M1","2475442","2076696867","LIQUIDHEALTH Chlorophyll Liquid Drops Deodorant, Detox, Energy & Immune Support, 2 fl Oz 2-Pack","N/A","0","81","0","0","0","0","0","0","0","0","0","0","0","0","0","0","0","0","0","0","0"
"2023-10-04","Liquid_Health-Chlorophyll-M1","2577749","Liquid_Health-Chlorophyll-M1","2475442","5004101566","LIQUIDHEALTH Chlorophyll Liquid Drops Deodorant, Detox, Energy & Immune Support, 2 fl Oz","N/A","0","9","0","0","0","0","0","0","0","0","0","0","0","0","0","0","0","0","0","0","0"
"2023-10-04","Liquid_Health-Fish_Oil-M1","2479475","Liquid_Health-Fish_Oil-M1","2313517","3435756620","LIQUIDHEALTH Omega 3 Fish Oil Cat Supplements & Vitamins with EPA, DPA & DHA, 8 Oz","N/A","0","1","0","0","0","0","0","0","0","0","0","0","0","0","0","0","0","0","0","0","0"
"2023-10-04","Liquid_Health-H10_KW-A1","2445284","Liquid_Health-K9_Care-H10-A1","2258251","1161038388","LIQUIDHEALTH K9 Dog Ear Cleaner Solution Ear Cleaning Drops with Boric Acid, 12 fl Oz 2-Pack","0.39","0","12","0","0","0","0","0","0","0","0","0","0","0","0","0","0","0","0","0","0","0"
"2023-10-04","Liquid_Health-H10_KW-A1","2445284","Liquid_Health-K9_Care-H10-A1","2258251","3583594809","LIQUIDHEALTH K9 Dog Ear Cleaner Solution Ear Cleaning Drops with Boric Acid, 12 fl Oz 4-Pack","0.39","0","11","0","0","0","0","0","0","0","0","0","0","0","0","0","0","0","0","0","0","0"
"2023-10-04","Liquid_Health-H10_KW-M1","2445285","Liquid_Health-H10_Throat_Spray-M1","2258244","1363817519","LIQUIDHEALTH Clear Voice Vocal Throat Spray Natural Sore Throat Relief, Mint 1 fl Oz 2-Pack","N/A","0","24","0","0","0","0","0","0","0","0","0","0","0","0","0","0","0","0","0","0","0"
"2023-10-04","Liquid_Health-H10_KW-M1","2445285","Liquid_Health-K9_Care-H10-M1","2258263","2577404385","LIQUIDHEALTH Omega 3 Fish Oil for Dogs Liquid Supplement Puppy Essentials, 16 Oz","N/A","0.87","109","5","0.046","4.35","0","0","0","0","0","0","0","0","0","0","0","0","0","0","0","0"
"2023-10-04","Liquid_Health-H10_KW-M1","2445285","Liquid_Health-K9_Care-H10-M1","2258263","2656790301","LIQUIDHEALTH Omega 3 Fish Oil for Dogs Liquid Supplement Puppy Essentials, 16 Oz","N/A","0","2","0","0","0","0","0","0","0","0","0","0","0","0","0","0","0","0","0","0","0"
"2023-10-04","Liquid_Health-H10_KW-M1","2445285","Liquid_Health-Multivitamins-Amzn_KW-M1","2312558","2592700201","LIQUIDHEALTH Organic Elderberry Drops Immune Support Supplement Liquid Vitamins, 2 fl Oz","N/A","0","2","0","0","0","0","0","0","0","0","0","0","0","0","0","0","0","0","0","0","0"
"2023-10-04","Liquid_Health-H10_KW-M1","2445285","Liquid_Health-Multivitamins-Amzn_KW-M1","2312558","29004842","LIQUIDHEALTH Children’s Complete Vitamin C Multivitamin Liquid Vitamins for Kids, 16 fl Oz","N/A","0.977","127","3","0.024","2.93","0","0","0","0","0","0","0","0","0","0","0","0","0","0","0","0"
"2023-10-04","Liquid health_Priority Skus","2579930","Priority_skus","2478893","1896025750","Clear Voice 3 Pack Clarity Soothing Spray Dampener Moisturizer Relief - Oral Throat Spray Medicine - Mint, Strawberry Lemonade, Honey Lemon Flavor 1 Fl Oz","1.42","1.114","4898","5","0.001","5.57","0","0","0","0","0","0","0","0","0","0","0","0","0","0","0","0"
"2023-10-04","Liquid health_Priority Skus","2579930","Priority_skus","2478893","2656790301","LIQUIDHEALTH Omega 3 Fish Oil for Dogs Liquid Supplement Puppy Essentials, 16 Oz","0.2","0","580","0","0","0","0","0","0","0","0","0","0","0","0","0","0","0","0","0","0","0"
"2023-10-04","Liquid health_Priority Skus","2579930","Priority_skus","2478893","28777327","LIQUIDHEALTH K9 Glucosamine for Dogs Hip & Joint Juice Liquid Vitamin, 32 Fl. Oz","1.38","1.975","4204","10","0.002","19.75","0","0","0","0","0","0","0","0","0","0","0","0","0","0","0","0"
"2023-10-04","Liquid_Health-Fish_Oil-M1","2479475","Liquid_Health-Fish_Oil-M1","2313517","2577404385","LIQUIDHEALTH Omega 3 Fish Oil for Dogs Liquid Supplement Puppy Essentials, 16 Oz","N/A","1.44","264","3","0.011","4.32","0","0","0","0","0","0","0","0","0","0","0","0","0","0","0","0"
"2023-10-04","Liquid_Health-H10_KW-A1","2445284","Liquid_Health-Supplements-H10-A1","2258252","1488013443","LIQUIDHEALTH Daily Multi Minerals Supplement with Fulvic Minerals, 32 Oz 2-Pack","0.2","0","209","0","0","0","0","0","0","0","0","0","0","0","0","0","0","0","0","0","0","0"
"2023-10-04","Liquid_Health-H10_KW-M1","2445285","Liquid_Health-K9_Care-H10-M1","2258263","198550507","LIQUIDHEALTH Spot Shot Colloidal Silver Spray for Dog & Cat Itch Relief, 2 fl Oz","N/A","0.38","100","1","0.01","0.38","0","0","0","0","0","0","0","0","0","0","0","0","0","0","0","0"
"2023-10-04","Liquid_Health-H10_KW-M1","2445285","Liquid_Health-K9_Glucosamine-H10-M1","2258259","101504719","LIQUIDHEALTH Joint Juice Drops Chondroitin & Glucosamine for Dogs Joint Health, 2 Oz","N/A","0","70","0","0","0","0","0","0","0","0","0","0","0","0","0","0","0","0","0","0","0"
"2023-10-04","Liquid_Health-H10_KW-M1","2445285","Liquid_Health-K9_Glucosamine-H10-M1","2258259","603764482","LIQUIDHEALTH K9 Glucosamine for Dogs Level 5000 Joint Health Liquid Vitamin, 8 Fl. Oz","N/A","0","17","0","0","0","0","0","0","0","0","0","0","0","0","0","0","0","0","0","0","0"
"2023-10-04","Liquid_Health-H10_KW-M1","2445285","Liquid_Health-Multivitamins-Amzn_KW-M3","2312567","2519638848","LIQUIDHEALTH Vegan Liquid Multivitamin for Women with Biotin, Folate, 16 fl Oz","N/A","0.97","58","1","0.017","0.97","0","0","0","0","0","0","0","0","0","0","0","0","0","0","0","0"
"2023-10-04","Liquid_Health-H10_KW-M1","2445285","Liquid_Health-Multivitamins-H10-M1","2258276","2519638848","LIQUIDHEALTH Vegan Liquid Multivitamin for Women with Biotin, Folate, 16 fl Oz","N/A","1.165","81","2","0.025","2.33","0","0","0","0","0","0","0","0","0","0","0","0","0","0","0","0"
"2023-10-04","Liquid health_Priority Skus","2579930","Priority_skus","2478893","1363817519","LIQUIDHEALTH Clear Voice Vocal Throat Spray Natural Sore Throat Relief, Mint 1 fl Oz 2-Pack","0.2","0","700","0","0","0","0","0","0","0","0","0","0","0","0","0","0","0","0","0","0","0"
"2023-10-04","Liquid health_Priority Skus","2579930","Priority_skus","2478893","3435756620","LIQUIDHEALTH Omega 3 Fish Oil Cat Supplements & Vitamins with EPA, DPA & DHA, 8 Oz","1.38","1.654","1993","13","0.007","21.5","0.077","1","0.077","11.95","11.95","0","1","1","0","11.95","0","11.95","0","0","0","0.556"
"2023-10-04","Liquid_Health-H10_KW-A1","2445284","Liquid_Health-Multivitamins-H10-A1","2258255","343272177","LIQUIDHEALTH Liquid Prenatal Vitamins for Women Vegan Folate Supplement, 32 Fl. Oz","0.49","1.14","656","1","0.002","1.14","0","0","0","0","0","0","0","0","0","0","0","0","0","0","0","0"
"2023-10-04","Liquid_Health-H10_KW-A1","2445284","Liquid_Health-Supplements-H10-A1","2258252","1659412087","LIQUIDHEALTH Neurologic Brain Booster Supplement Nootropic Liquid Multivitamin, 32 fl Oz 2-Pack","0.52","1.1","1009","1","0.001","1.1","0","0","0","0","0","0","0","0","0","0","0","0","0","0","0","0"
"2023-10-04","Liquid_Health-H10_KW-M1","2445285","Liquid_Health-H10_Throat_Spray-M1","2258244","1732696066","LIQUIDHEALTH Clear Voice Natural Vocal Throat Spray, Honey Lemon 1 fl Oz 2-Pack","N/A","0","13","0","0","0","0","0","0","0","0","0","0","0","0","0","0","0","0","0","0","0"
"2023-10-04","Liquid_Health-H10_KW-M1","2445285","Liquid_Health-K9_Care-H10-M1","2258263","49252884","LIQUIDHEALTH K9 Dog Ear Cleaner Solution Ear Cleaning Drops with Boric Acid, 12 fl Oz","N/A","0","5","0","0","0","0","0","0","0","0","0","0","0","0","0","0","0","0","0","0","0"
"2023-10-04","Liquid_Health-H10_KW-M1","2445285","Liquid_Health-K9_Glucosamine-H10-M1","2258259","2171951028","LIQUIDHEALTH K9 Liquid Glucosamine for Dogs Level 5000 with Glucosamine Chondroitin, Dogs MSM, Boswellia Serrata, 32 fl. Oz. 2-Pack","N/A","0","1","0","0","0","0","0","0","0","0","0","0","0","0","0","0","0","0","0","0","0"
"2023-10-04","Liquid_Health-H10_KW-M1","2445285","Liquid_Health-Multivitamins-Amzn_KW-M2","2312564","2051209500","LIQUIDHEALTH Organic Vitamin B12 Drops for Energy & Metabolism Boost, 2 fl Oz 1-Pack","N/A","0","65","0","0","0","0","0","0","0","0","0","0","0","0","0","0","0","0","0","0","0"
"2023-10-04","Liquid_Health-H10_KW-M1","2445285","Liquid_Health-Multivitamins-H10-M1","2258276","2827937370","LIQUIDHEALTH Liquid Prenatal Vitamins for Women Vegan Folate Supplement, 32 Fl. Oz 2-Pack","N/A","0","32","0","0","0","0","0","0","0","0","0","0","0","0","0","0","0","0","0","0","0"
"2023-10-04","Liquid_Health-H10_KW-M1","2445285","Liquid_Health-Multivitamins-H10-M1","2258276","2956574882","Liquid Health 2 Pack Sleep Well Drops, Melatonin Liquid Sleeping Aid Medicine Vitamin, Natural Mind and Body Relaxation, Stress Relief for Adults Men and Women - 2 Fl Oz","N/A","0","16","0","0","0","0","0","0","0","0","0","0","0","0","0","0","0","0","0","0","0"
"2023-10-04","Liquid_Health-H10_KW-A1","2445284","Liquid_Health-Supplements-H10-A1","2258252","1804575804","LIQUIDHEALTH Zinc Supplement Drops Immune Support Liquid Vitamin, 2 fl Oz Unflavored","0.2","0","229","0","0","0","0","0","0","0","0","0","0","0","0","0","0","0","0","0","0","0"
"2023-10-04","Liquid_Health-H10_KW-M1","2445285","Liquid_Health-K9_Care-H10-M1","2258263","2023473819","LIQUIDHEALTH Spot Shot Colloidal Silver Spray for Dog & Cat Itch Relief, 2 fl Oz 2-Pack","N/A","0","19","0","0","0","0","0","0","0","0","0","0","0","0","0","0","0","0","0","0","0"
"2023-10-04","Liquid_Health-H10_KW-M1","2445285","Liquid_Health-K9_Care-H10-M1","2258263","3459398659","LIQUIDHEALTH Omega 3 Fish Oil Cat Supplements & Vitamins with EPA, DPA & DHA, 8 Oz","N/A","0","26","0","0","0","0","0","0","0","0","0","0","0","0","0","0","0","0","0","0","0"
"2023-10-04","Liquid_Health-H10_KW-M1","2445285","Liquid_Health-K9_Glucosamine-H10-M1","2258259","1594982384","LIQUIDHEALTH Joint Juice Drops Chondroitin & Glucosamine for Dogs Joint Health, 2 Oz 2-Pack","N/A","0","23","0","0","0","0","0","0","0","0","0","0","0","0","0","0","0","0","0","0","0"
"2023-10-04","Liquid_Health-H10_KW-M1","2445285","Liquid_Health-K9_Glucosamine-H10-M1","2258259","49252922","LIQUIDHEALTH Glucosamine Cat Joint Supplement for Hip Pain & Joint Pain Relief, 2.3 Oz","N/A","0","39","0","0","0","0","0","0","0","0","0","0","0","0","0","0","0","0","0","0","0"
"2023-10-04","Liquid_Health-H10_KW-M1","2445285","Liquid_Health-Multivitamins-Amzn_KW-M1","2312558","3713825304","LIQUIDHEALTH Liquid Vitamins for Men Vegan Multivitamins Men’s Multivitamin, 16 fl Oz","N/A","0","4","0","0","0","0","0","0","0","0","0","0","0","0","0","0","0","0","0","0","0"
"2023-10-04","Liquid_Health-H10_KW-M1","2445285","Liquid_Health-Multivitamins-Amzn_KW-M2","2312564","28776469","LIQUIDHEALTH Vitamin B Complex Liquid Supplement for Energy & Stress Relief, 32 fl Oz","N/A","0","13","0","0","0","0","0","0","0","0","0","0","0","0","0","0","0","0","0","0","0"
"2023-10-04","Liquid_Health-H10_KW-M1","2445285","Liquid_Health-Multivitamins-H10-M1","2258276","29357872","Liquid Health Vitamin D3 Liposomal Liquid Droppers, Natural Vitamins, Adults Men Women, Drops Premium with Cholecalciferol 1000IU, Sweet Lemon Flavor - 2 Fl Oz","N/A","0","9","0","0","0","0","0","0","0","0","0","0","0","0","0","0","0","0","0","0","0"
"2023-10-04","Liquid_Health-H10_KW-M1","2445285","Liquid_Health-Pet_Care-Amzn_KW-M1","2312543","49252884","LIQUIDHEALTH K9 Dog Ear Cleaner Solution Ear Cleaning Drops with Boric Acid, 12 fl Oz","N/A","0","3","0","0","0","0","0","0","0","0","0","0","0","0","0","0","0","0","0","0","0"
"2023-10-04","Liquid_Health-H10_KW-M1","2445285","Liquid_Health-Pet_Glucosamine-Amzn_KW-M1","2312536","49252664","LIQUIDHEALTH K9 Liquid Glucosamine for Dogs Level 5000 with Glucosamine Chondroitin, Dogs MSM, Boswellia Serrata, 32 fl. Oz.","N/A","0","1","0","0","0","0","0","0","0","0","0","0","0","0","0","0","0","0","0","0","0"
"2023-10-04","Liquid_Health-H10_KW-M1","2445285","Liquid_Health-Multivitamins-Amzn_KW-M2","2312564","1480422443","LIQUIDHEALTH Liquid Multivitamin Natural Immune Support Supplement for Adult Men & Women, 32 Fl. Oz. 2-Pack","N/A","0","2","0","0","0","0","0","0","0","0","0","0","0","0","0","0","0","0","0","0","0"
"2023-10-04","Liquid_Health-H10_KW-M1","2445285","Liquid_Health-Multivitamins-Amzn_KW-M2","2312564","28782836","Liquid Health Vitamin B12 Liquid Pure Methyl Drops, Methylcobalamin Energy Boost Natural Vegan Safe Sublingual Hydroxocobalamin -2 Fl Oz","N/A","0","109","0","0","0","0","0","0","0","0","0","0","0","0","0","0","0","0","0","0","0"
"2023-10-04","Liquid_Health-H10_KW-M1","2445285","Liquid_Health-Multivitamins-Amzn_KW-M2","2312564","48319436","Liquid Health Complete Multiple Liquid Multivitamin for Adult Men Women - Natural Immune Support, Non-GMO, Vegan, Gluten, Sugar Free, Minerals, Prebiotic Fiber Vitamins Supplement - 32 Fl Oz","N/A","0.54","78","1","0.013","0.54","0","0","0","0","0","0","0","0","0","0","0","0","0","0","0","0"
"2023-10-04","Liquid_Health-H10_KW-M1","2445285","Liquid_Health-Multivitamins-Amzn_KW-M3","2312567","2815810461","LIQUIDHEALTH Vegan Liquid Multivitamin for Women with Biotin, Folate, 16 fl Oz","N/A","0","22","0","0","0","0","0","0","0","0","0","0","0","0","0","0","0","0","0","0","0"
"2023-10-04","Liquid_Health-H10_KW-M1","2445285","Liquid_Health-Multivitamins-H10-M1","2258276","28782836","Liquid Health Vitamin B12 Liquid Pure Methyl Drops, Methylcobalamin Energy Boost Natural Vegan Safe Sublingual Hydroxocobalamin -2 Fl Oz","N/A","2.9","81","1","0.012","2.9","0","0","0","0","0","0","0","0","0","0","0","0","0","0","0","0"
"2023-10-04","Liquid_Health-H10_KW-M1","2445285","Liquid_Health-Multivitamins-H10-M1","2258276","48319436","Liquid Health Complete Multiple Liquid Multivitamin for Adult Men Women - Natural Immune Support, Non-GMO, Vegan, Gluten, Sugar Free, Minerals, Prebiotic Fiber Vitamins Supplement - 32 Fl Oz","N/A","0","26","0","0","0","0","0","0","0","0","0","0","0","0","0","0","0","0","0","0","0"
"2023-10-04","Liquid_Health-H10_KW-M1","2445285","Liquid_Health-Supplements-Amzn_KW-M1","2312603","2759098497","Liquid Health 2 Pack Calcium & Magnesium, Vitamin D3, Liquid Supplement Joint and Bones Tissue Support, Citrate Vegetarian Natural Non GMO - 32 Fl oz.","N/A","0.97","25","1","0.04","0.97","0","0","0","0","0","0","0","0","0","0","0","0","0","0","0","0"
"2023-10-04","Liquid_Health-H10_KW-M1","2445285","Liquid_Health-Supplements-Amzn_KW-M2","2312630","1910869689","LIQUIDHEALTH Nascent Iodine Drops Thyroid Support & Immune Support Supplement, 2 fl Oz","N/A","0","93","0","0","0","0","0","0","0","0","0","0","0","0","0","0","0","0","0","0","0"
"2023-10-04","Liquid_Health-H10_KW-M1","2445285","Liquid_Health-Supplements-H10-M1","2258269","1488013443","LIQUIDHEALTH Daily Multi Minerals Supplement with Fulvic Minerals, 32 Oz 2-Pack","N/A","0","3","0","0","0","0","0","0","0","0","0","0","0","0","0","0","0","0","0","0","0"
"2023-10-04","Liquid_Health-H10_KW-M1","2445285","Liquid_Health-K9_Glucosamine-H10-M1","2258259","49252664","LIQUIDHEALTH K9 Liquid Glucosamine for Dogs Level 5000 with Glucosamine Chondroitin, Dogs MSM, Boswellia Serrata, 32 fl. Oz.","N/A","0","32","0","0","0","0","0","0","0","0","0","0","0","0","0","0","0","0","0","0","0"
"2023-10-04","Liquid_Health-H10_KW-M1","2445285","Liquid_Health-Multivitamins-Amzn_KW-M2","2312564","1047647611","LIQUIDHEALTH Vitamin B Complex Liquid Supplement for Energy & Stress Relief, 32 fl Oz 2-Pack","N/A","0","10","0","0","0","0","0","0","0","0","0","0","0","0","0","0","0","0","0","0","0"
"2023-10-04","Liquid_Health-H10_KW-M1","2445285","Liquid_Health-Multivitamins-Amzn_KW-M3","2312567","1804575804","LIQUIDHEALTH Zinc Supplement Drops Immune Support Liquid Vitamin, 2 fl Oz Unflavored","N/A","0","18","0","0","0","0","0","0","0","0","0","0","0","0","0","0","0","0","0","0","0"
"2023-10-04","Liquid_Health-H10_KW-M1","2445285","Liquid_Health-Multivitamins-Amzn_KW-M3","2312567","2827937370","LIQUIDHEALTH Liquid Prenatal and Postnatal Vitamins for Women Vegan Folate Supplement, 32 Fl. Oz 2-Pack","N/A","0","33","0","0","0","0","0","0","0","0","0","0","0","0","0","0","0","0","0","0","0"
"2023-10-04","Liquid_Health-H10_KW-M1","2445285","Liquid_Health-Multivitamins-H10-M1","2258276","2147213470","LIQUIDHEALTH Children’s Complete Multivitamin Liquid Vitamins for Kids, 16 fl Oz 2-Pack","N/A","0","168","0","0","0","0","0","0","0","0","0","0","0","0","0","0","0","0","0","0","0"
"2023-10-04","Liquid_Health-H10_KW-M1","2445285","Liquid_Health-Multivitamins-H10-M1","2258276","343272177","LIQUIDHEALTH Liquid Prenatal Vitamins for Women Vegan Folate Supplement, 32 Fl. Oz","N/A","0","29","0","0","0","0","0","0","0","0","0","0","0","0","0","0","0","0","0","0","0"
"2023-10-04","Liquid_Health-H10_KW-M1","2445285","Liquid_Health-Pet_Care-Amzn_KW-M1","2312543","859208368","LIQUIDHEALTH K9 Complete 8-in-1 Multivitamin for Dogs Immune Support & Wellness, 32 Fl. Oz","N/A","0","6","0","0","0","0","0","0","0","0","0","0","0","0","0","0","0","0","0","0","0"
"2023-10-04","Liquid_Health-H10_KW-M1","2445285","Liquid_Health-Pet_Glucosamine-Amzn_KW-M1","2312536","2033580391","LIQUIDHEALTH Glucosamine Cat Joint Supplement for Hip Pain & Joint Pain Relief, 2.3 Oz 2-Pack","N/A","0","2","0","0","0","0","0","0","0","0","0","0","0","0","0","0","0","0","0","0","0"
"2023-10-04","Liquid_Health-H10_KW-M1","2445285","Liquid_Health-Supplements-H10-M1","2258269","1659412087","LIQUIDHEALTH Neurologic Brain Booster Supplement Nootropic Liquid Multivitamin, 32 fl Oz 2-Pack","N/A","0","1","0","0","0","0","0","0","0","0","0","0","0","0","0","0","0","0","0","0","0"
"2023-10-04","Liquid_Health-Pet_Ear_Cleaner-A1","2479482","Liquid_Health-Pet_Ear_Cleaner-A1","2313524","1161038388","LIQUIDHEALTH K9 Dog Ear Cleaner Solution Ear Cleaning Drops with Boric Acid, 12 fl Oz 2-Pack","0.39","0.908","748","4","0.005","3.63","0","0","0","0","0","0","0","0","0","0","0","0","0","0","0","0"
"2023-10-04","Liquid_Health-H10_KW-M1","2445285","Liquid_Health-Multivitamins-H10-M1","2258276","28931698","Liquid Health Calcium & Magnesium, Vitamin D3, Liquid Supplement Joint and Bones Tissue Support, Citrate Vegetarian Natural Non GMO - 32 Fl oz.","N/A","0.74","145","3","0.021","2.22","0","0","0","0","0","0","0","0","0","0","0","0","0","0","0","0"
"2023-10-04","Liquid_Health-H10_KW-M1","2445285","Liquid_Health-Pet_Glucosamine-Amzn_KW-M1","2312536","101504719","LIQUIDHEALTH Joint Juice Drops Chondroitin & Glucosamine for Dogs Joint Health, 2 Oz","N/A","0","5","0","0","0","0","0","0","0","0","0","0","0","0","0","0","0","0","0","0","0"
"2023-10-04","Liquid_Health-H10_KW-M1","2445285","Liquid_Health-Supplements-Amzn_KW-M2","2312630","3592500323","LIQUIDHEALTH Nascent Iodine Drops Thyroid Support & Immune Support Supplement, 2 fl Oz","N/A","0","15","0","0","0","0","0","0","0","0","0","0","0","0","0","0","0","0","0","0","0"
"2023-10-04","Liquid_Health-H10_KW-M1","2445285","Liquid_Health-Supplements-H10-M1","2258269","1047647611","LIQUIDHEALTH Vitamin B Complex Liquid Supplement for Energy & Stress Relief, 32 fl Oz 2-Pack","N/A","0","45","0","0","0","0","0","0","0","0","0","0","0","0","0","0","0","0","0","0","0"
"2023-10-04","Liquid_Health-H10_KW-M1","2445285","Liquid_Health-Supplements-H10-M1","2258269","28776469","LIQUIDHEALTH Vitamin B Complex Liquid Supplement for Energy & Stress Relief, 32 fl Oz","N/A","0.97","54","4","0.074","3.88","0","0","0","0","0","0","0","0","0","0","0","0","0","0","0","0"
"2023-10-04","Liquid_Health-IC_K9_Glucosamine-M1","2516137","Liquid_Health-IC_K9_Glucosamine-M1","2372236","28777327","LIQUIDHEALTH K9 Joint Juice Liquid Glucosamine for Dogs, Puppies and Senior Canines, 32 Oz.","N/A","2.26","29","1","0.034","2.26","0","0","0","0","0","0","0","0","0","0","0","0","0","0","0","0"
"2023-10-04","Liquid_Health-IC_K9_Glucosamine-M1","2516137","Liquid_Health-IC_K9_Glucosamine-M1","2372236","566474508","LIQUIDHEALTH K9 Glucosamine for Dogs Level 5000 Liquid Vitamin Joint Juice, 128 Fl. Oz","N/A","0","35","0","0","0","0","0","0","0","0","0","0","0","0","0","0","0","0","0","0","0"
"2023-10-04","Liquid_Health-IC_Multivitamins_Men-A1","2516152","Liquid_Health-IC_Multivitamins_Men-A1","2372259","2934362906","LIQUIDHEALTH Liquid Vitamins for Men Vegan Multivitamins Men’s Multivitamin, 16 fl Oz","0.5","1.14","1070","3","0.003","3.42","0","0","0","0","0","0","0","0","0","0","0","0","0","0","0","0"
"2023-10-04","Liquid_Health-K9_Glucosamine-A1","2479469","Liquid_Health-K9_Glucosamine-A1","2313511","1519381169","LIQUIDHEALTH K9 Joint Juice Liquid Glucosamine for Dogs, Puppies and Senior Canines, 32 Oz. 2-Pack","0.64","1.24","299","1","0.003","1.24","0","0","0","0","0","0","0","0","0","0","0","0","0","0","0","0"
"2023-10-04","Liquid_Health-K9_Glucosamine-A1","2479469","Liquid_Health-K9_Glucosamine-A1","2313511","2768039338","LIQUIDHEALTH K9 Glucosamine for Dogs Liquid Vitamin for Joint Health Support, 8 Fl. Oz 2-Pack","0.64","0","368","0","0","0","0","0","0","0","0","0","0","0","0","0","0","0","0","0","0","0"
"2023-10-04","Liquid_Health-H10_KW-M1","2445285","Liquid_Health-Pet_Care-Amzn_KW-M1","2312543","2577404385","LIQUIDHEALTH Omega 3 Fish Oil for Dogs Liquid Supplement Puppy Essentials, 16 Oz","N/A","0.86","13","1","0.077","0.86","1","1","1","19.95","19.95","0","1","1","0","19.95","0","19.95","0","0","0","23.198"
"2023-10-04","Liquid_Health-H10_KW-M1","2445285","Liquid_Health-Supplements-Amzn_KW-M2","2312630","1488013443","LIQUIDHEALTH Daily Multi Minerals Supplement with Fulvic Minerals, 32 Oz 2-Pack","N/A","0","3","0","0","0","0","0","0","0","0","0","0","0","0","0","0","0","0","0","0","0"
"2023-10-04","Liquid_Health-H10_KW-M1","2445285","Liquid_Health-Supplements-H10-M1","2258269","1804575804","LIQUIDHEALTH Zinc Supplement Drops Immune Support Liquid Vitamin, 2 fl Oz Unflavored","N/A","0","9","0","0","0","0","0","0","0","0","0","0","0","0","0","0","0","0","0","0","0"
"2023-10-04","Liquid_Health-H10_KW-M1","2445285","Liquid_Health-Supplements-H10-M1","2258269","1910869689","LIQUIDHEALTH Nascent Iodine Drops Thyroid Support & Immune Support Supplement, 2 fl Oz","N/A","0","43","0","0","0","0","0","0","0","0","0","0","0","0","0","0","0","0","0","0","0"
"2023-10-04","Liquid_Health-IC_K9_Glucosamine-A1","2516136","Liquid_Health-IC_K9_Glucosamine-A1","2372235","566474508","LIQUIDHEALTH K9 Glucosamine for Dogs Level 5000 Liquid Vitamin Joint Juice, 128 Fl. Oz","0.3","0","86","0","0","0","0","0","0","0","0","0","0","0","0","0","0","0","0","0","0","0"
"2023-10-04","Liquid_Health-IC_Multivitamins_Men-M1","2516153","Liquid_Health-IC_Multivitamins_Men-M1","2372260","2934362906","LIQUIDHEALTH Liquid Vitamins for Men Vegan Multivitamins Men’s Multivitamin, 16 fl Oz","N/A","1.16","86","1","0.012","1.16","0","0","0","0","0","0","0","0","0","0","0","0","0","0","0","0"
"2023-10-04","Liquid_Health-K9_Glucosamine-M1","2479470","Liquid_Health-K9_Glucosamine-M1","2313512","167049214","LIQUIDHEALTH K9 Glucosamine for Dogs Liquid Vitamin for Joint Health Support, 8 Fl. Oz","N/A","0","4","0","0","0","0","0","0","0","0","0","0","0","0","0","0","0","0","0","0","0"
"2023-10-04","Liquid_Health-Pet_Ear_Cleaner-M1","2479483","Liquid_Health-Pet_Ear_Cleaner-M1","2313525","49252884","LIQUIDHEALTH K9 Dog Ear Cleaner Solution Ear Cleaning Drops with Boric Acid, 12 fl Oz","N/A","1.35","462","5","0.011","6.75","0","0","0","0","0","0","0","0","0","0","0","0","0","0","0","0"
"2023-10-04","Liquid health_Priority Skus","2579930","Priority_skus","2478893","1519381169","LIQUIDHEALTH K9 Glucosamine for Dogs Hip & Joint Juice Liquid Vitamin, 32 Fl. Oz 2-Pack","0.2","0","8","0","0","0","0","0","0","0","0","0","0","0","0","0","0","0","0","0","0","0"
"2023-10-04","Liquid health_Priority Skus","2579930","Priority_skus","2478893","425086408","LIQUIDHEALTH Clear Voice Vocal Throat Spray, Strawberry Lemonade 1 fl Oz","0.2","0","836","0","0","0","0","0","0","0","0","0","0","0","0","0","0","0","0","0","0","0"
"2023-10-04","Liquid_Health-H10_KW-A1","2445284","Liquid_Health-Multivitamins-H10-A1","2258255","1117614811","Liquid Health 2 Pack Vitamin B12 Liquid Pure Methyl Drops, Methylcobalamin Energy Boost Natural Vegan Safe Sublingual Hydroxocobalamin -2 Fl Oz","0.52","0.779","1437","7","0.005","5.45","0.143","1","0.143","24.95","24.95","0","1","1","0","24.95","0","24.95","0","0","0","4.578"
"2023-10-04","Liquid_Health-H10_KW-A1","2445284","Liquid_Health-Multivitamins-H10-A1","2258255","1480422443","LIQUIDHEALTH Liquid Multivitamin Natural Immune Support Supplement for Adult Men & Women, 32 Fl. Oz. 2-Pack","0.49","0.74","562","1","0.002","0.74","0","0","0","0","0","0","0","0","0","0","0","0","0","0","0","0"
"2023-10-04","Liquid_Health-H10_KW-A1","2445284","Liquid_Health-Supplements-H10-A1","2258252","2592700201","LIQUIDHEALTH Organic Elderberry Drops Immune Support Supplement Liquid Vitamins, 2 fl Oz","0.49","1.01","1066","1","0.001","1.01","0","0","0","0","0","0","0","0","0","0","0","0","0","0","0","0"
"2023-10-04","Liquid_Health-H10_KW-A1","2445284","Liquid_Health-Supplements-H10-A1","2258252","3713825304","LIQUIDHEALTH Liquid Vitamins for Men Vegan Multivitamins Men’s Multivitamin, 16 fl Oz","0.49","0","291","0","0","0","0","0","0","0","0","0","0","0","0","0","0","0","0","0","0","0"
"2023-10-04","Liquid_Health-H10_KW-M1","2445285","Liquid_Health-H10_Throat_Spray-M1","2258244","1896025750","LIQUIDHEALTH Clear Voice Vocal Throat Spray, Strawberry Lemonade 1 fl Oz 2-Pack","N/A","0","3","0","0","0","0","0","0","0","0","0","0","0","0","0","0","0","0","0","0","0"
"2023-10-04","Liquid_Health-H10_KW-M1","2445285","Liquid_Health-H10_Throat_Spray-M1","2258244","425086408","LIQUIDHEALTH Clear Voice Vocal Throat Spray, Strawberry Lemonade 1 fl Oz","N/A","0","46","0","0","0","0","0","0","0","0","0","0","0","0","0","0","0","0","0","0","0"
"2023-10-04","Liquid_Health-H10_KW-M1","2445285","Liquid_Health-K9_Care-H10-M1","2258263","859208368","LIQUIDHEALTH K9 Complete 8-in-1 Multivitamin for Dogs Immune Support & Wellness, 32 Fl. Oz","N/A","0","97","0","0","0","0","0","0","0","0","0","0","0","0","0","0","0","0","0","0","0"
"2023-10-04","Liquid_Health-H10_KW-M1","2445285","Liquid_Health-K9_Glucosamine-H10-M1","2258259","167049214","LIQUIDHEALTH K9 Glucosamine for Dogs Liquid Vitamin for Joint Health Support, 8 Fl. Oz","N/A","0","18","0","0","0","0","0","0","0","0","0","0","0","0","0","0","0","0","0","0","0"
"2023-10-04","Liquid_Health-Pet_Ear_Cleaner-A1","2479482","Liquid_Health-Pet_Ear_Cleaner-A1","2313524","3980462017","LIQUIDHEALTH K9 Dog Ear Cleaner Solution Ear Cleaning Drops with Boric Acid, 12 fl Oz 3-Pack","0.39","0","112","0","0","0","0","0","0","0","0","0","0","0","0","0","0","0","0","0","0","0"
"2023-10-04","Liquid_Health-H10_KW-M1","2445285","Liquid_Health-Multivitamins-Amzn_KW-M2","2312564","29357872","Liquid Health Vitamin D3 Liposomal Liquid Droppers, Natural Vitamins, Adults Men Women, Drops Premium with Cholecalciferol 1000IU, Sweet Lemon Flavor - 2 Fl Oz","N/A","0.95","120","1","0.008","0.95","0","0","0","0","0","0","0","0","0","0","0","0","0","0","0","0"
"2023-10-04","Liquid_Health-H10_KW-M1","2445285","Liquid_Health-Multivitamins-H10-M1","2258276","1117614811","Liquid Health 2 Pack Vitamin B12 Liquid Pure Methyl Drops, Methylcobalamin Energy Boost Natural Vegan Safe Sublingual Hydroxocobalamin -2 Fl Oz","N/A","0","33","0","0","0","0","0","0","0","0","0","0","0","0","0","0","0","0","0","0","0"
"2023-10-04","Liquid_Health-H10_KW-M1","2445285","Liquid_Health-Multivitamins-H10-M1","2258276","2759098497","Liquid Health 2 Pack Calcium & Magnesium, Vitamin D3, Liquid Supplement Joint and Bones Tissue Support, Citrate Vegetarian Natural Non GMO - 32 Fl oz.","N/A","0.97","80","1","0.013","0.97","0","0","0","0","0","0","0","0","0","0","0","0","0","0","0","0"
"2023-10-04","Liquid_Health-H10_KW-M1","2445285","Liquid_Health-Multivitamins-H10-M1","2258276","28934424","LIQUIDHEALTH Colloidal Silver Liquid 10PPM Itch Relief Drop Shot Supplement, 2 Fl. Oz.","N/A","0.97","51","1","0.02","0.97","0","0","0","0","0","0","0","0","0","0","0","0","0","0","0","0"
"2023-10-04","Liquid_Health-H10_KW-M1","2445285","Liquid_Health-Pet_Care-Amzn_KW-M1","2312543","2656790301","LIQUIDHEALTH Omega 3 Fish Oil for Dogs Liquid Supplement Puppy Essentials, 16 Oz","N/A","0","1","0","0","0","0","0","0","0","0","0","0","0","0","0","0","0","0","0","0","0"
"2023-10-04","Liquid_Health-H10_KW-M1","2445285","Liquid_Health-Pet_Colloidal_Silver-Amzn_KW-M1","2312547","198550507","LIQUIDHEALTH Spot Shot Colloidal Silver Spray for Dog & Cat Itch Relief, 2 fl Oz","N/A","0","14","0","0","0","0","0","0","0","0","0","0","0","0","0","0","0","0","0","0","0"
"2023-10-04","Liquid_Health-H10_KW-M1","2445285","Liquid_Health-Supplements-H10-M1","2258269","1911103782","LIQUIDHEALTH Zinc Supplement Drops Immune Support Liquid Vitamin, 2 fl Oz Unflavored 2-Pack","N/A","0","3","0","0","0","0","0","0","0","0","0","0","0","0","0","0","0","0","0","0","0"
"2023-10-04","Liquid_Health-H10_KW-M1","2445285","Liquid_Health-Throat_Spray-Amzn_KW-M1","2312548","24191768","LIQUIDHEALTH Clear Voice Vocal Throat Spray Natural Sore Throat Relief, Mint 1 fl Oz","N/A","0","13","0","0","0","0","0","0","0","0","0","0","0","0","0","0","0","0","0","0","0"
"2023-10-04","Liquid_Health-Kids_Multivitamin-A1","2590606","Liquid_Health-Kids_Multivitamin-A1","2502497","1021169928","LIQUIDHEALTH Attention Liquid Multivitamin for Kids Memory & Focus Supplement, 16 fl Oz","0.3","0.2","377","2","0.005","0.4","0","0","0","0","0","0","0","0","0","0","0","0","0","0","0","0"
"2023-10-04","Liquid_Health-H10_KW-M1","2445285","Liquid_Health-Supplements-H10-M1","2258269","3592500323","LIQUIDHEALTH Nascent Iodine Drops Thyroid Support & Immune Support Supplement, 2 fl Oz","N/A","0.97","116","3","0.026","2.91","0","0","0","0","0","0","0","0","0","0","0","0","0","0","0","0"
"2023-10-04","Liquid_Health-Kids_Multivitamin-M1","2590607","Liquid_Health-Kids_Multivitamin-M1","2502498","1021169928","LIQUIDHEALTH Attention Liquid Multivitamin for Kids Memory & Focus Supplement, 16 fl Oz","N/A","0.59","195","2","0.01","1.18","0","0","0","0","0","0","0","0","0","0","0","0","0","0","0","0"
"2023-10-04","Liquid_Health-Pet_Ear_Cleaner-M1","2479483","Liquid_Health-Pet_Ear_Cleaner-M1","2313525","1161038388","LIQUIDHEALTH K9 Dog Ear Cleaner Solution Ear Cleaning Drops with Boric Acid, 12 fl Oz 2-Pack","N/A","1.29","115","1","0.009","1.29","0","0","0","0","0","0","0","0","0","0","0","0","0","0","0","0"
"2023-10-04","Liquid_Health-K9_Glucosamine-M1","2479470","Liquid_Health-K9_Glucosamine-M1","2313512","2171951028","LIQUIDHEALTH K9 Liquid Glucosamine for Dogs Level 5000 with Glucosamine Chondroitin, Dogs MSM, Boswellia Serrata, 32 fl. Oz. 2-Pack","N/A","0","2","0","0","0","0","0","0","0","0","0","0","0","0","0","0","0","0","0","0","0"
"2023-10-04","Liquid_Health-Pet_Ear_Cleaner-A1","2479482","Liquid_Health-Pet_Ear_Cleaner-A1","2313524","3583594809","LIQUIDHEALTH K9 Dog Ear Cleaner Solution Ear Cleaning Drops with Boric Acid, 12 fl Oz 4-Pack","0.39","0.707","361","3","0.008","2.12","0","0","0","0","0","0","0","0","0","0","0","0","0","0","0","0"
"2023-10-04","Liquid_Health-Pet_Ear_Cleaner-M1","2479483","Liquid_Health-Pet_Ear_Cleaner-M1","2313525","3583594809","LIQUIDHEALTH K9 Dog Ear Cleaner Solution Ear Cleaning Drops with Boric Acid, 12 fl Oz 4-Pack","N/A","1.53","276","1","0.004","1.53","0","0","0","0","0","0","0","0","0","0","0","0","0","0","0","0"
"2023-10-04","Liquid_Health-H10_KW-M1","2445285","Liquid_Health-Supplements-Amzn_KW-M1","2312603","28931698","Liquid Health Calcium & Magnesium, Vitamin D3, Liquid Supplement Joint and Bones Tissue Support, Citrate Vegetarian Natural Non GMO - 32 Fl oz.","N/A","0","48","0","0","0","0","0","0","0","0","0","0","0","0","0","0","0","0","0","0","0"
"2023-10-04","Liquid_Health-H10_KW-M1","2445285","Liquid_Health-Supplements-H10-M1","2258269","2051209500","LIQUIDHEALTH Organic Vitamin B12 Drops for Energy & Metabolism Boost, 2 fl Oz 1-Pack","N/A","0","379","0","0","0","0","0","0","0","0","0","0","0","0","0","0","0","0","0","0","0"
"2023-10-04","Liquid_Health-H10_KW-M1","2445285","Liquid_Health-Supplements-H10-M1","2258269","49252837","LIQUIDHEALTH Daily Multi Minerals Supplement with Fulvic Minerals, 32 Oz","N/A","0","14","0","0","0","0","0","0","0","0","0","0","0","0","0","0","0","0","0","0","0"
"2023-10-04","Liquid_Health-H10_KW-M1","2445285","Liquid_Health-Throat_Spray-Amzn_KW-M1","2312548","24191928","LIQUIDHEALTH Clear Voice Natural Vocal Throat Spray, Honey Lemon 1 fl Oz","N/A","0","3","0","0","0","0","0","0","0","0","0","0","0","0","0","0","0","0","0","0","0"
"2023-10-04","Liquid_Health-IC_K9_Glucosamine-A1","2516136","Liquid_Health-IC_K9_Glucosamine-A1","2372235","28777327","LIQUIDHEALTH K9 Joint Juice Liquid Glucosamine for Dogs, Puppies and Senior Canines, 32 Oz.","0.6","0","5","0","0","0","0","0","0","0","0","0","0","0","0","0","0","0","0","0","0","0"
"2023-10-04","Liquid_Health-K9_Glucosamine-M1","2479470","Liquid_Health-K9_Glucosamine-M1","2313512","1323954242","LIQUIDHEALTH K9 Glucosamine for Dogs Level 5000 Joint Health Liquid Vitamin, 8 Fl. Oz 2-Pack","N/A","0","8","0","0","0","0","0","0","0","0","0","0","0","0","0","0","0","0","0","0","0"
"2023-10-04","Liquid_Health-K9_Glucosamine-M1","2479470","Liquid_Health-K9_Glucosamine-M1","2313512","49252664","LIQUIDHEALTH K9 Liquid Glucosamine for Dogs Level 5000 with Glucosamine Chondroitin, Dogs MSM, Boswellia Serrata, 32 fl. Oz.","N/A","0","17","0","0","0","0","0","0","0","0","0","0","0","0","0","0","0","0","0","0","0"
"2023-10-04","Liquid_Health-H10_KW-M1","2445285","Liquid_Health-K9_Glucosamine-H10-M1","2258259","28777327","LIQUIDHEALTH K9 Joint Juice Liquid Glucosamine for Dogs, Puppies and Senior Canines, 32 Oz.","N/A","0","6","0","0","0","0","0","0","0","0","0","0","0","0","0","0","0","0","0","0","0"
"2023-10-04","Liquid_Health-H10_KW-M1","2445285","Liquid_Health-Multivitamins-Amzn_KW-M1","2312558","2147213470","LIQUIDHEALTH Children’s Complete Multivitamin Liquid Vitamins for Kids, 16 fl Oz 2-Pack","N/A","0","423","0","0","0","0","0","0","0","0","0","0","0","0","0","0","0","0","0","0","0"
"2023-10-04","Liquid_Health-H10_KW-M1","2445285","Liquid_Health-Multivitamins-H10-M1","2258276","2815810461","LIQUIDHEALTH Vegan Liquid Multivitamin for Women with Biotin, Folate, 16 fl Oz","N/A","1.39","46","1","0.022","1.39","0","0","0","0","0","0","0","0","0","0","0","0","0","0","0","0"
"2023-10-04","Liquid_Health-H10_KW-M1","2445285","Liquid_Health-Multivitamins-H10-M1","2258276","29004842","LIQUIDHEALTH Children’s Complete Vitamin C Multivitamin Liquid Vitamins for Kids, 16 fl Oz","N/A","0.95","152","1","0.007","0.95","0","0","0","0","0","0","0","0","0","0","0","0","0","0","0","0"
"2023-10-04","Liquid_Health-H10_KW-M1","2445285","Liquid_Health-Pet_Care-Amzn_KW-M1","2312543","3459398659","LIQUIDHEALTH Omega 3 Fish Oil Cat Supplements & Vitamins with EPA, DPA & DHA, 8 Oz","N/A","0","4","0","0","0","0","0","0","0","0","0","0","0","0","0","0","0","0","0","0","0"
"2023-10-04","Liquid_Health-H10_KW-M1","2445285","Liquid_Health-Supplements-Amzn_KW-M2","2312630","49252837","LIQUIDHEALTH Daily Multi Minerals Supplement with Fulvic Minerals, 32 Oz","N/A","0","7","0","0","0","0","0","0","0","0","0","0","0","0","0","0","0","0","0","0","0"
"2023-10-04","Liquid_Health-H10_KW-M1","2445285","Liquid_Health-Supplements-H10-M1","2258269","2192047857","LIQUIDHEALTH Organic Vitamin B12 Drops for Energy & Metabolism Boost, 2 fl Oz 2-Pack","N/A","0","1","0","0","0","0","0","0","0","0","0","0","0","0","0","0","0","0","0","0","0"
"2023-10-04","Liquid_Health-K9_Glucosamine-A1","2479469","Liquid_Health-K9_Glucosamine-A1","2313511","49252664","LIQUIDHEALTH K9 Liquid Glucosamine for Dogs Level 5000 with Glucosamine Chondroitin, Dogs MSM, Boswellia Serrata, 32 fl. Oz.","0.2","0","34","0","0","0","0","0","0","0","0","0","0","0","0","0","0","0","0","0","0","0"
"2023-10-04","Liquid_Health-Kids_Multivitamin-M1","2590607","Liquid_Health-Kids_Multivitamin-M1","2502498","2555203144","LIQUIDHEALTH Attention Liquid Multivitamin for Kids Memory & Focus Supplement, 16 fl Oz 2-Pack","N/A","0.88","37","1","0.027","0.88","0","0","0","0","0","0","0","0","0","0","0","0","0","0","0","0"
"2023-10-04","Liquid health_Priority Skus","2579930","Priority_skus","2478893","24191768","LIQUIDHEALTH Clear Voice Vocal Throat Spray Natural Sore Throat Relief, Mint 1 fl Oz","0.2","0","1581","0","0","0","0","0","0","0","0","0","0","0","0","0","0","0","0","0","0","0"
"2023-10-04","Liquid health_Priority Skus","2579930","Priority_skus","2478893","24191928","LIQUIDHEALTH Clear Voice Natural Vocal Throat Spray, Honey Lemon 1 fl Oz","0.2","0.2","723","1","0.001","0.2","0","0","0","0","0","0","0","0","0","0","0","0","0","0","0","0"
"2023-10-04","Liquid_Health-Fish_Oil-M1","2479475","Liquid_Health-Fish_Oil-M1","2313517","2656790301","LIQUIDHEALTH Omega 3 Fish Oil for Dogs Liquid Supplement Puppy Essentials, 16 Oz","N/A","0","39","0","0","0","0","0","0","0","0","0","0","0","0","0","0","0","0","0","0","0"
"2023-10-04","Liquid_Health-Fish_Oil-M1","2479475","Liquid_Health-Fish_Oil-M1","2313517","3459398659","LIQUIDHEALTH Omega 3 Fish Oil Cat Supplements & Vitamins with EPA, DPA & DHA, 8 Oz","N/A","0","48","0","0","0","0","0","0","0","0","0","0","0","0","0","0","0","0","0","0","0"
"2023-10-04","Liquid_Health-H10_KW-A1","2445284","Liquid_Health-K9_Care-H10-A1","2258251","3980462017","LIQUIDHEALTH K9 Dog Ear Cleaner Solution Ear Cleaning Drops with Boric Acid, 12 fl Oz 3-Pack","0.39","0","1","0","0","0","0","0","0","0","0","0","0","0","0","0","0","0","0","0","0","0"
"2023-10-04","Liquid_Health-H10_KW-A1","2445284","Liquid_Health-Multivitamins-H10-A1","2258255","28934424","LIQUIDHEALTH Colloidal Silver Liquid 10PPM Itch Relief Drop Shot Supplement, 2 Fl. Oz.","0.34","0.51","682","1","0.001","0.51","0","0","0","0","0","0","0","0","0","0","0","0","0","0","0","0"
"2023-10-04","Liquid_Health-H10_KW-A1","2445284","Liquid_Health-Supplements-H10-A1","2258252","2934362906","LIQUIDHEALTH Liquid Vitamins for Men Vegan Multivitamins Men’s Multivitamin, 16 fl Oz","0.2","0","18","0","0","0","0","0","0","0","0","0","0","0","0","0","0","0","0","0","0","0"
"2023-10-04","Liquid_Health-H10_KW-A1","2445284","Liquid_Health-Supplements-H10-A1","2258252","3592500323","LIQUIDHEALTH Nascent Iodine Drops Thyroid Support & Immune Support Supplement, 2 fl Oz","0.34","0.7","760","5","0.007","3.5","0.8","2","0.4","69.86","35.91","33.95","4","3","1","69.86","0","35.91","0","33.95","0","19.96"
"2023-10-04","Liquid_Health-H10_KW-M1","2445285","Liquid_Health-K9_Glucosamine-H10-M1","2258259","2033580391","LIQUIDHEALTH Glucosamine Cat Joint Supplement for Hip Pain & Joint Pain Relief, 2.3 Oz 2-Pack","N/A","0","130","0","0","0","0","0","0","0","0","0","0","0","0","0","0","0","0","0","0","0"
"2023-10-04","Liquid_Health-H10_KW-M1","2445285","Liquid_Health-Multivitamins-Amzn_KW-M1","2312558","36862334","LIQUIDHEALTH Neurologic Brain Booster Supplement Nootropic Liquid Multivitamin, 32 fl Oz","N/A","1.88","6","1","0.167","1.88","0","0","0","0","0","0","0","0","0","0","0","0","0","0","0","0"
"2023-10-04","Liquid_Health-H10_KW-M1","2445285","Liquid_Health-Multivitamins-Amzn_KW-M3","2312567","1911103782","LIQUIDHEALTH Zinc Supplement Drops Immune Support Liquid Vitamin, 2 fl Oz Unflavored 2-Pack","N/A","0","5","0","0","0","0","0","0","0","0","0","0","0","0","0","0","0","0","0","0","0"
"2023-10-04","Liquid_Health-H10_KW-M1","2445285","Liquid_Health-Multivitamins-H10-M1","2258276","2007006016","LIQUIDHEALTH Colloidal Silver Liquid 10PPM Itch Relief Drop Shot Supplement, 2 Fl. Oz. 2-Pack","N/A","0","36","0","0","0","0","0","0","0","0","0","0","0","0","0","0","0","0","0","0","0"
"2023-10-04","Liquid_Health-H10_KW-M1","2445285","Liquid_Health-Multivitamins-H10-M1","2258276","36862332","LIQUIDHEALTH Liquid Sleep Supplement Melatonin Drops Natural Mind and Body Relaxation Vitamin, 2 Fl. Oz.","N/A","0.65","88","3","0.034","1.95","0","0","0","0","0","0","0","0","0","0","0","0","0","0","0","0"
"2023-10-04","Liquid_Health-K9_Glucosamine-A1","2479469","Liquid_Health-K9_Glucosamine-A1","2313511","2171951028","LIQUIDHEALTH K9 Liquid Glucosamine for Dogs Level 5000 with Glucosamine Chondroitin, Dogs MSM, Boswellia Serrata, 32 fl. Oz. 2-Pack","0.2","0","16","0","0","0","0","0","0","0","0","0","0","0","0","0","0","0","0","0","0","0"
"2023-10-04","Liquid_Health-Kids_Multivitamin-A1","2590606","Liquid_Health-Kids_Multivitamin-A1","2502497","2555203144","LIQUIDHEALTH Attention Liquid Multivitamin for Kids Memory & Focus Supplement, 16 fl Oz 2-Pack","0.3","0","185","0","0","0","0","0","0","0","0","0","0","0","0","0","0","0","0","0","0","0"
